model_name,explore_name
core_analytics,subscriber_health_framework_draft
core_analytics,conviva
core_analytics,conviva_optumus_combined_ssd_enriched
core_analytics,conviva_offline_ssd
core_analytics,content_readiness_availability
core_analytics,content_readiness_images
core_analytics,content_catalogue_popularity
core_analytics,content_catalogue_popularity_10sample
core_analytics,adobe_disney_base_roll_up
core_analytics,fact_disney_canal_split_users_agg
core_analytics,ppv_purchases
core_analytics,email_opt_out_rates
core_analytics,espn_mbr_test_results_segment
core_analytics,espn_mbr_test_results_all
core_analytics,espn_mbr_stream_metrics
core_analytics,espn_mbr_inc_impact
core_analytics,espn_msg_attributable_purchases
core_analytics,espn_retention_analysis
core_analytics,aw_price_increase_inapp_monitoring
core_analytics,rep_metric_store_upcoming_renewals
core_analytics,ao_edr_422
core_analytics,ao_spae_831
core_analytics,fact_disney_espn_acquisition_attribution_agg_v2
core_analytics,glimpse_installs
core_analytics,volchurn_propensity
core_analytics,piracy_detection
core_analytics,dim_disney_country_region_mapping
core_analytics,mdrm_license_event_conviva
core_analytics,legal_acceptance_terms
core_analytics,device_management_serverside
core_analytics,device_management_glimpse
core_analytics,event_startup_analyzer
core_analytics,vst_breakdown_dq_check
core_analytics,fatal_error_messages
core_analytics,pqoe_combined
core_analytics,pqoe_combined_overview
core_analytics,kss_conviva_metric_null_counts
core_analytics,advanced_format_dimensions
core_analytics,content_metadata_created_date
core_analytics,adk_qos_aggregates
core_analytics,ads_kss_error_reporting
core_analytics,braze_canvas_engagement
core_analytics,conviva_10_sample
marketing,subscriber_health_framework_draft
marketing,fact_disney_paid_stops_daily
marketing,disney_day_ft_pending_cancel
marketing,pdt_espn_commerce_funnel
marketing,dt_dplus_churn
marketing,rep_metrics_store_churn
marketing,rep_metrics_store_churn_supplement
marketing,adobe_disney_cancellation_rollup
marketing,espn_nps_survey
marketing,adobe_bundle_cancellation_reasons
marketing,disney_nps
marketing,epembe_test_01
marketing,epembe_demo
marketing,epembe_eng
marketing,epembe_prod
marketing,epembe_was
marketing,dcheung_prod
marketing,emea_annual_loss_rate_early_read
marketing,churn_metric_store_star
marketing,adhoc_espn_wbr_report
marketing,adhoc_espn_wbr_report_first_stream
marketing,adhoc_espn_mbr_report
marketing,adhoc_espn_mbr_report_first_stream
marketing,espn_mbr_top_first_stream
marketing,churn_espn_daily_v2
marketing,churn_disney_daily_v2
marketing,pending_cancel_renewal_date
marketing,business_churn_operational_metric_store
marketing,business_churn_unified_qa
marketing,espn_subscription_recovery
marketing,agg_loss_rate
marketing,agg_loss_rate_espn
marketing,agg_loss_rate_comp
marketing,agg_upcoming_renewal
marketing,agg_upcoming_renewal_espn
marketing,dss_survival_espn
marketing,dss_survival_disney_star
marketing,disney_price_increase_deep_dive
marketing,agg_loss_rate_espn_ppv
dev_disney_plus,dim_disney_country_region_mapping_filters
dev_disney_plus,dim_disney_content_engagement
dev_disney_plus,dim_disney_customer_engagement
dev_disney_plus,fact_disney_app_errors
dev_disney_plus,fact_disney_app_cold_starts
dev_disney_plus,fact_disney_profile_first_watches
dev_disney_plus,fact_disney_presales_accounts
dev_disney_plus,dim_disney_subscriptions
dev_disney_plus,fact_disney_presales_subscriptions
dev_disney_plus,dim_disney_realtime_subscriptions
dev_disney_plus,dim_bundle_accounting_dummy_data
dev_disney_plus,affinity_score_metrics
dev_disney_plus,EMEA_wholesale_stops
dev_disney_plus,dim_disney_daily_commerce_anomalies
dev_disney_plus,daily_disney_subscriber_growth_metric_champions_largest_anomalies
dev_disney_plus,concurrent_titles_per_account
dev_disney_plus,mdrm_sample_media_conviva_country_join
dev_disney_plus,entitled_download_watched_detail2
dev_disney_plus,peps_title_engagement_heatmap_metrics
dev_disney_plus,peps_cohort_set_metrics
dev_disney_plus,peps_set_distribution
dev_disney_plus,peps_set_differentiation
dev_disney_plus,peps_set_distribution_regional
dev_disney_plus,peps_set_differentiation_regional
dev_disney_plus,peps_priority_merchandising_metrics
dev_disney_plus,glimpsev2_conversion_funnel_dev
dev_disney_plus,peps_session_duplication_metrics
dev_disney_plus,peps_title_duplication
dev_disney_plus,peps_content_refresh
dev_disney_plus,peps_experimentation_monitor
dev_disney_plus,peps_pcd_experiment_scorecard
dev_disney_plus,peps_container_impressions
dev_disney_plus,peps_title_position_impressions
dev_disney_plus,peps_title_container_metrics
dev_disney_plus,glimpsev2_search_session_agg
dev_disney_plus,glimpsev2_search_terms_agg
dev_disney_plus,glimpsev2_search_visit_rate
dev_disney_plus,peps_duplication_by_container_cohorts
dev_disney_plus,peps_title_duplication_cohorts
dev_disney_plus,peps_max_duplication_cohorts
dev_disney_plus,peps_title_audio_engagement_avail_v
dev_disney_plus,glimpsev2_search_title_to_term
dev_disney_plus,filter_suggestions_program_title
dev_disney_plus,peps_content_merchandising_metrics
dev_disney_plus,peps_post_play_overall_metrics
dev_disney_plus,glimpsev2_search_hours_agg
dev_disney_plus,peps_duplication_agg_titles
dev_disney_plus,peps_duplication_agg_containers
dev_disney_plus,peps_duplication_agg_sessions
dev_disney_plus,glimpsev2_encoded_metadata
dev_disney_plus,peps_country_audio_lift_clean
dev_disney_plus,peps_audio_value_bi
dev_disney_plus,peps_hero_shortlist
dev_disney_plus,peps_iscp_metrics
dev_disney_plus,peps_collection_tile_performance_hourly
dev_disney_plus,peps_set_collection_performance_hourly
dev_disney_plus,gapps_set_session_exposure
disney_plus,dim_disney_country_region_mapping_filters
disney_plus,dim_disney_onboarding_funnel_visits_filters
disney_plus,airflow_dag_complete_recent_list
disney_plus,conviva_sample_10_percent_v
disney_plus,dim_disney_availability_markers
disney_plus,dim_disney_qos_churn_daily
disney_plus,dim_disney_ad_hoc_conviva_device
disney_plus,airtable_upcoming_key_events
disney_plus,dim_disney_mdrm_license_events
disney_plus,dim_disney_onboarding_funnel_visits
disney_plus,dim_disney_growth_accounting_accounts
disney_plus,dim_disney_growth_accounting_subscriptions
disney_plus,dim_disney_accounts
disney_plus,dim_disney_conviva
disney_plus,dim_disney_conviva_asset
disney_plus,dim_disney_content_engagement
disney_plus,dim_disney_customer_engagement
disney_plus,content_engagement_terms_and_definitions
disney_plus,watchlist_daily_engagement
disney_plus,fact_disney_watches
disney_plus,fact_disney_real_time_premier_access_signups
disney_plus,dim_disney_premier_access_orders_v
disney_plus,qos_nps_survey
disney_plus,dim_disney_price_increase_audience_cohorts_qa
disney_plus,sm_daily_account_engagement_cohort
disney_plus,clopez_hours_streaming_by_device_type_and_device_platform
disney_plus,account_distribution_by_rfe
disney_plus,subscription_recovery
disney_plus,subscription_recovery_by_payment_method
disney_plus,involuntary_churn_commerce_dimensions
disney_plus,rep_disney_enter_risk_rate
disney_plus,disney_enter_risk_rate_pop
disney_plus,disney_risk_recovery_pop
disney_plus,dim_disney_account
disney_plus,dim_disney_season_engagement
disney_plus,dim_disney_episode_engagement
disney_plus,counts_for_calculating_reach_shares
disney_plus,dim_disney_content_segments
disney_plus,dim_disney_content_genres
disney_plus,dim_disney_content_metadata_emea_reporting
disney_plus,title_forecasts_emea_dev
disney_plus,title_forecasts_emea_with_counts_for_calculating_reach_shares
disney_plus,subs_forecast_iberia_dev
disney_plus,dim_disney_series_level_engagement
disney_plus,content_unit_rankings
disney_plus,content_availability
disney_plus,dim_disney_catalog_engagement
disney_plus,content_real_time_streams
disney_plus,dim_disney_country_region_mapping
disney_plus,dim_disney_country_region_mapping_map
disney_plus,dim_dates
disney_plus,over_under_indexed_titles_prod
disney_plus,over_under_indexed_titles_latam_star_prod
disney_plus,within_program_dropoff
disney_plus,transaction_datos_events
disney_plus,transaction_datos_events_test
disney_plus,payment_switches
disney_plus,sub_state_movements
disney_plus,daily_tdas
disney_plus,ineligible_subscription_tracking
disney_plus,double_billed_invoices
disney_plus,purchase_streaming_country_mismatch
disney_plus,purchase_streaming_country_mismatch_v2
disney_plus,pricing_arbitrage_commerce
disney_plus,purchase_streaming_country_mismatch_first8_d
disney_plus,fraudeng_rule_update
disney_plus,transaction_fraud_scores
disney_plus,hulu_fps_blocks
disney_plus,fraud_v2_events
disney_plus,accertify_misses
disney_plus,hulu_transactions_hawkeye
disney_plus,transaction_tax_settler_events
disney_plus,transaction_datos_events_purchase_attempts
disney_plus,transaction_datos_events_purchase_attempts_by_bank_issuer
disney_plus,flexible_routing_impact
disney_plus,dim_datos_comparisons_v
disney_plus,dim_disney_dss_sessions
disney_plus,customer_management_state_of_base
disney_plus,hg_emea_email_engagement_streaming
disney_plus,hg_emea_email_engagement_inclholdout
disney_plus,hg_emea_push_engagement_streaming
disney_plus,dtci_subscribers
disney_plus,dtci_growth_accounting
disney_plus,wer_bundle_incrementality
disney_plus,wer_bundle_acq_stats
disney_plus,fact_disney_account_watches_agg
disney_plus,glimpsev2_homepage_imps_clicks_plays
disney_plus,glimpsev2_homepage_set_imps_clicks_plays
disney_plus,glimpsev2_homepage_set_tile_imps_clicks_plays_position_index
disney_plus,glimpsev2_homepage_set_position_rank
disney_plus,dim_disney_content_prediction
disney_plus,dim_star_content_prediction
disney_plus,prelaunch_content_forecast_predictions
disney_plus,dim_content_segmentation
disney_plus,demo_segments_and_series_engagement
disney_plus,demo_segments
disney_plus,media_acquisition
disney_plus,media_acquisition_and_content_metadata
disney_plus,dim_disney_content_metadata
disney_plus,dim_disney_content_metadata_titles
disney_plus,content_leveling
disney_plus,filter_suggestions_program_title
disney_plus,filter_suggestions_glimpse
disney_plus,filter_suggestions_content_segments_genres
disney_plus,EMEA_Wholesale_Titles_Performance
disney_plus,emea_wholesale_first_streams
disney_plus,emea_wholesale_devices_viewing
disney_plus,emea_wholesale_weekly_engagement
disney_plus,HG_Num_Brands_Streamed_EMEA
disney_plus,retention_subscription_period_level
disney_plus,glimpsev2_user_navigation
disney_plus,glimpsev2_sessions_v
disney_plus,dim_disney_search_terms
disney_plus,ranked_search_terms
disney_plus,coming_soon_searches
disney_plus,audience_segment_and_rfe_aggregates_using_behavior_store
disney_plus,engagement_overview_v2
disney_plus,ec_sku_engagement
disney_plus,bundle_signups_by_engagement_segments
disney_plus,fact_disney_profile_metric_store
disney_plus,dim_disney_avatar_accounts
disney_plus,dim_disney_avatar_profiles
disney_plus,fact_error_recovery_v
disney_plus,fact_disney_conviva_agg_metric_store_v
disney_plus,fact_app_perf_life_cycle_events_v
disney_plus,group_watch
disney_plus,dim_disney_account_sharing
disney_plus,fraud_modeling_drivers_no_segmentation
disney_plus,cg_glimpse_dq
disney_plus,fact_disney_behavior_store_profiles
disney_plus,fact_disney_ratings_country_mapping
disney_plus,ab_content_metadata_similarities
disney_plus,jsf_content_by_partner
disney_plus,jsf_activation_status
disney_plus,jsf_rfe_with_detail
disney_plus,churn_propensity_drivers
disney_plus,fact_disney_qos_engagement
disney_plus,jsf_post_communication_streams
disney_plus,monthly_qoe_scores
disney_plus,fact_disney_subscriber_metric_store_backfill_v
disney_plus,volchurn_drivers_eda
disney_plus,starplus_volchurn_drivers_eda
disney_plus,dim_partnership_metadata_sku_and_voucher_v
disney_plus,sports_metadata
disney_plus,concurrent_streams_title_espn
disney_plus,concurrent_streams_predictions_espn
disney_plus,concurrent_streams_prediction_errors_espn
disney_plus,concurrent_streams_predictions_star
disney_plus,concurrent_streams_prediction_errors_star
disney_plus,concurrent_streams_predictions_espn_dev
disney_plus,concurrent_streams_prediction_errors_espn_dev
disney_plus,concurrent_streams_predictions_star_dev
disney_plus,concurrent_streams_prediction_errors_star_dev
disney_plus,fact_disney_content_agg_devices
disney_plus,jsf_combo_engagement
disney_plus,fact_disney_canal_split_users_agg
disney_plus,content_encoding_vpfs
disney_plus,fact_devices_metric_store_union_v
disney_plus,glimpsev2_conversion_funnel
disney_plus,d_plus_weekly_update_engagement_metrics
disney_plus,days_since_last_stream_distro
disney_plus,studio_engagement_overview
disney_plus,taste_weekly_daily_streamers_HPS
disney_plus,peps_title_heatmap
disney_plus,peps_tile_heatmap
disney_plus,glimpsev2_conversion_funnel_prod
disney_plus,all_signups_next_stream
disney_plus,dim_disney_country_region_mapping_filter
disney_plus,user_nav_audience_segment_value_filter
disney_plus,glimpsev2_user_journey_major_nav_v_filter
disney_plus,jsf_churn_drivers_latam
disney_plus,offline_downloads
disney_plus,peps_title_exposure_metrics
disney_plus,peps_content_language_availability
disney_plus,peps_content_language_availability_overview
disney_plus,peps_default_language_settings
disney_plus,peps_default_language_settings_l28
disney_plus,churn_propensity_model_operational_v2
disney_plus,churn_propensity_model_metrics_v2
disney_plus,reconnect_propensity_model_metrics
disney_plus,reconnect_propensity_model_operational
disney_plus,bundle_upgrade_propensity_model_operational
disney_plus,glimpsev2_conversion_funnel_lp_cd_temp
disney_plus,glimpsev2_conversion_funnel_lp_web_prod
disney_plus,glimpsev2_conversion_funnel_unauth_details_temp
disney_plus,qos_alerts
disney_plus,collections_ctr_ectr
disney_plus,collections_percent_sessions
disney_plus,collections_set_performance
disney_plus,collections_title_plays
disney_plus,shop_disney_interactions
disney_plus,shop_disney_profiles
disney_plus,cl_major_navigation
disney_plus,cl_major_navigation_content
disney_plus,cl_cmp_agg
disney_plus,star_sports_affinity_segments
disney_plus,fact_app_deeplink_events_v
disney_plus,thomas_health_status_dashboard
disney_plus,playback_activity
disney_plus,ads_engagement
disney_plus,tiara_engagement
disney_plus,hulk_r2_engagement_hypercare
disney_plus,hulk_r2_hypercare_cumulative_engagement
disney_plus,player_framework_qos
disney_plus,peps_title_language_engagement
disney_plus,peps_title_language_engagement_pss
disney_plus,watchlist_engagement
disney_plus,kss_conviva_spi
disney_plus,user_nav_paths
disney_plus,user_nav_paths_agg
disney_plus,dplus_app_adoption
disney_plus,profile_explore
disney_plus,profile_explore_forecast
disney_plus,profile_explore_content_hrs
disney_plus,ips_upsell
disney_plus,device_enablement_v2
dev_espn_plus,renewals_future
espn_plus,dim_espn_subscriptions_v
espn_plus,anonymous_tracking
espn_plus,fact_disney_espnplus_hulu_ppv_hourly
espn_plus,v_jabba_eplus_hulu_ppv_combined_prod
espn_plus,ppv_purchases
espn_plus,fact_ppv_subscriber_model
espn_plus,fact_espn_primary_subscription_pacing_update
espn_plus,ppv_media_watches_v
espn_plus,ppv_prelim_funnel
espn_plus,ssr_clusters
espn_plus,fact_espn_content_metadata
espn_plus,espn_conviva_v4_subscription_excl_ppv_desv
espn_plus,dim_espn_ppv_subscriptions_v
espn_plus,paid_stop_monthly_forecast_hist
espn_plus,paid_stop_monthly_forecast_v1
espn_plus,paid_stop_monthly_forecast_sports_events
espn_plus,paid_stop_monthly_forecast_text
espn_plus,anomaly_detection_daily_new
espn_plus,editorial_hits
espn_plus,editorial_conversions
espn_plus,dim_espn_rfe_segments
espn_plus,engagement_by_deal
espn_plus,sales_force_email_campaigns
espn_plus,eplus_sameday_firststreams
espn_plus,conviva_pipeline_quality_check
espn_plus,eplus_analytics_meta_title_base
espn_plus,eplus_subscriber_based_viewership
espn_plus,eplus_viewership_for_jayd_202405
espn_plus,eplus_on_hulu_live_pass
espn_plus,ufc_cohort_breakout
espn_plus,eplus_partnership_viewership
espn_plus,nhl_content_engagement_data
espn_plus,fact_espn_hulu_daily_consumption
espn_plus,jsf_espn_sports_tam
espn_plus,jsf_espn_sports_tam2
espn_plus,jsf_lifecycle_engagement
espn_plus,jsf_mma_fighters_by_event
espn_plus,pgatour_feed_group
espn_plus,m1d1_standalone_nonactives
espn_plus,off_device_bbd
espn_plus,ctv_prepurchase
espn_plus,mobile_prepurchase
espn_plus,m2plus_rfe
espn_plus,tve_session_level
espn_plus,signup_anomaly_detection
espn_plus,ppv_purchase_metrics
espn_plus,espn_offer_metrics
espn_plus,ppv_repeats_metrics
espn_plus,ppv_repeats_entitled
espn_plus,digital_kpis_base
espn_plus,espn_digital_kpis_aggregated_adjusted
airflow_dag_dependencies,airflow_dag_runtime
airflow_dag_dependencies,data_quality_log
snowflake_usage_block,load_history
snowflake_usage_block,login_history
snowflake_usage_block,query_history
snowflake_usage_block,storage_usage
snowflake_usage_block,warehouse_metering_history
unified_subscribers,dim_disney_country_region_mapping_filters
unified_subscribers,dim_disney_onboarding_funnel_visits_filters
acquisition_analytics,disney_mmm_decomp
acquisition_analytics,disney_mmm_keypoints
acquisition_analytics,glimpsev2_last_click
acquisition_analytics,gmp_pascal
acquisition_analytics,pascal_dma
acquisition_analytics,pascal_transition_states
acquisition_analytics,pascal_subscriber_dma
acquisition_analytics,pascal_flashtalking
acquisition_analytics,pascal
acquisition_analytics,Media360
acquisition_analytics,paid_media_performance
acquisition_analytics,elap_espn
acquisition_analytics,acquisition_email_captures
acquisition_analytics,espnplus_standalone_mmm
acquisition_analytics,espnplus_ufc_mmm
dge_disney_plus,dim_disney_country_region_mapping_filters
dge_disney_plus,dim_disney_onboarding_funnel_visits_filters
dge_disney_plus,dim_disney_season_engagement
dge_disney_plus,dim_disney_episode_engagement
dge_disney_plus,counts_for_calculating_reach_shares
dge_disney_plus,dim_disney_series_level_engagement
dge_disney_plus,dim_disney_country_region_mapping
dge_disney_plus,dim_dates
dge_disney_plus,demo_segments_and_series_engagement
dge_disney_plus,demo_segments
dge_disney_plus,dim_disney_content_metadata
dge_disney_plus,dim_disney_content_metadata_studio_groupings
search_platform,search_model_importance
search_platform,search_platform_metrics
search_platform,search_train_sample
search_platform,search_model_auc
search_platform,search_model_auc_multi
search_platform,search_model_metrics_exp
search_platform,search_model_update_time
search_platform,search_model_features
search_platform,search_model_features_sample
dss_hub,country_region_dim_vw
dss_hub,date_dim_vw
dss_hub,service_bundle_type_dim_vw
dss_hub,service_subscription_type_dim_vw
dss_hub,streaming_service_dim_vw
dss_hub,sub_region_dim_vw
cost_attribution,cat_cnf
cost_attribution,cat_cnf_mv
cost_attribution,cat_quality
cost_attribution,cat_quality_domain_rows
cost_attribution,cat_partial_multipart_uploads
cost_attribution,cdm_fact_qlty_mv
cost_attribution,cdm_missing_domain
cost_attribution,cdm_data_quality
cost_attribution,cdm_query_cost
corporate_controllership,dim_disney_country_region_mapping_filters
corporate_controllership,dim_disney_onboarding_funnel_visits_filters
corporate_controllership,dim_disney_season_engagement
corporate_controllership,dim_disney_episode_engagement
corporate_controllership,counts_for_calculating_reach_shares
corporate_controllership,dim_disney_series_level_engagement
corporate_controllership,dim_disney_country_region_mapping
corporate_controllership,dim_dates
corporate_controllership,filter_suggestions_program_title
corporate_controllership,demo_segments_and_series_engagement
corporate_controllership,demo_segments
corporate_controllership,dim_disney_content_metadata
corporate_controllership,dim_disney_content_metadata_studio_groupings
espn_plus_limited,espn_conviva_v4_subscription_excl_ppv_desv
global_content,dim_disney_country_region_mapping_filters
global_content,filter_suggestions_program_title
global_content,counts_for_calculating_reach_shares
hulu,oo_hulu
hulu,content_catalogue_popularity
hulu,max_concurrent_streams_forecast_daily
lifecycle_analytics,subscriber_health_framework_draft
lifecycle_analytics,winback_fuzzy_attribution
dss_latam,jsf_combo_engagement
dss_latam,ds_subscriber_snapshot
dss_latam,ds_total_streams_avg
dss_latam,ds_churned_by_segment
dss_latam,ec_actual_vs_forecast
dss_latam,ds_mkt_tool
dss_latam,ec_partners_data_check_tool
dss_latam,ec_netflix10_latam
dss_latam,ec_meli_churn
dss_latam,gg_sports_metadata
dss_latam,content_categorization
dss_latam,vn_disney_fs_forecast
dss_latam,vn_disneystar_hs_lops_forecast
dss_latam,gg_sports_cms
dss_latam,gg_sports_l7_leagues
dss_latam,gg_star_monthly
dss_latam,ec_2connections_test_streaming_accounts_by_country
dss_latam,minute_minute_espn_scrum
dss_latam,ml_league_seasons_daily
dss_latam,gg_sports_titles_monthly
dss_latam,fq_3_pp_revenue_and_retention_v2
dss_latam,fq_retail_revenue_and_retention_v2
dss_latam,ma_first_streams
dss_latam,fq_retail_revenue_and_retention
dss_latam,fq_states_fixed_finale
dss_latam,ds_loyalty_campaigns_universe
dss_latam,sp_sports_segments
dss_latam,jl_movistar_entitlement_days
dss_latam,fq_3_pp_revenue_and_retention_price_increases
dss_latam,vn_latam_movies_normalization
dss_latam,vn_latam_seasons_normalization
dss_latam,ds_meli_model
dss_latam,churned_vs_predictions
dss_latam,mw_actual_vs_forecast
dss_latam,fr_loyaltymx_aw
dss_latam,ac_meli_monitor
dss_latam,bf_partners_churn
dss_latam,fq_retail_revenue_and_retention_v2_price_increases
dss_latam,fr_loyaltybr_aw
dss_latam,jr_filter_geo_counts_brazil
dss_latam,mw_free_entitlement_status
dss_latam,jr_dplus_sports_cms
dss_latam,jr_disney_monthly
dss_latam,jr_dplus_sports_titles_monthly
dss_latam,jr_disney_content_l7
dss_latam,jr_disney_sports_metadata
dss_latam,adl_account_sharing_sharer_score_gt_cr
dss_latam,adl_account_sharing_corr
dss_latam,adl_account_sharing_churn
dss_latam,mw_cohorted_metric_store_subs_analytics
dss_latam,fq_meli_churn_new_logic
dss_adops,ias_data
dss_emea,content_post_launch_series_movie_agg_vw
dss_emea,content_post_launch_program_agg_vw
dss_emea,content_post_launch_season_movie_agg_vw
dss_emea,title_forecasts_emea_dev
dss_emea,title_forecasts_emea_with_counts_for_calculating_reach_shares
dss_emea,dim_disney_country_region_mapping_map
dss_emea,subs_forecast_iberia_dev
dss_emea,content_vs_baseline_signups
dss_emea,emea_scorecard
dss_emea,dim_content_metadata_mapped_emea
dss_emea,emea_glimpse_title_benchmarks
dss_emea,emea_glimpse_title_benchmarks_ref
dss_emea,trading_daily
dss_emea,emea_sg_first_streams
dss_emea,emea_sg_sub_forecasts_combined_visualisation
dss_emea,emea_sg_title_forecasts
dss_emea,emea_sg_job_monitor
dss_emea,emea_sg_stops_exp_renewals
dss_emea,emea_sg_engagement_thresholds
dss_emea,period_content_metric_store
dss_emea,quarterly_or_yearly_timeframe
dss_emea,emea_con_title_forecasts_content_analytics_reach_shares_season
dss_emea,emea_con_merch_heatmap
dss_emea,emea_con_merch_heatmap_no_all
dss_emea,emea_con_merch_wow_performance
dss_emea,emea_con_merch_session_metrics
dss_emea,emea_sg_title_forecasts_prelaunch
dss_anz,partnership_engagement_metrics
dss_anz,partnership_content_metrics
dss_anz,partnerships_subscriber_metric_store
dss_anz,olaf_campaign_performance_summary
dss_anz,olaf_campaign_link_summary
dss_anz,anz_territory_subscribers
dss_anz,fact_app_deeplink_events_v
dss_anz,first_stream_profiler
dss_anz,content_revitalisation
dss_anz,anz_churn_precursor_metric_store
dss_anz,qs_content_efficiency
dss_anz,content_projection
dss_apac,con_live_stream_concurrent_anz
dss_apac,con_live_stream_metrics_anz
dss_apac,enr_first_stream_subscription_detail
dss_apac,enr_first_stream_next_watch
dss_apac,enr_first_stream_loss_metrics
dss_apac,enr_olaf_campaign_summary_agg_vw
dss_apac,enr_olaf_campaign_summary_link_agg_vw
dss_apac,enr_retention_curves_agg_vw
dss_apac,x_jpe_dim_apac_report_titles
dss_apac,apac_unified_subscriber_metric_bi_agg_vw
dss_apac,x_asd_ph_loss_rate_proxy
dss_apac,con_ctam_hangul_titles_kr
dss_apac,x_jw_set_title_framework_automation_staging
dss_apac,y_jw_kmrb_operation
dss_apac,con_apac_cf_post_launch_all_predictions
dss_apac,y_mcy_fact_sku_engagement
dss_apac,y_mcy_content_efficiency_index
dss_apac,y_mcy_brand_overlap_simulator_final
dss_apac,y_pa_fact_engagement_funnel
dss_apac,y_pho_winback_rate_agg
dss_apac,y_pho_winback_trend_agg
dss_apac,gro_partner_movements_agg
dss_apac,gro_partner_movements_renewal_agg
dss_apac,gro_partner_movements_alc_retention
dss_apac,Y_PN_STOPS_DECONSTRUCTION
dss_apac,enr_loss_rate_proxy_ph_agg
acquisition_analytics_staging,Media360
dss_dq_platform,dq_discrete_metric_agg_distinct_vw
dss_dq_platform,data_measurement_rules_fact_view
dss_dq_platform,dq_profiler_metadata_dim
dss_dq_platform,anomaly_detection_profiler_metrics
dss_dq_platform,data_measurement_rules_fact_vw
dss_dq_platform,dq_result_fact
dss_dq_platform,dq_rule_dim
dss_dq_platform,dq_object_dim
dss_dq_platform,dq_profiler_grouping_metric_agg_vw
dss_dq_platform,dq_profiler_grouping_metric_agg
dss_dq_platform,status_by_rule_identifier
dss_dq_platform,dq_result_fact_vw
dss_dq_platform_dev,dq_discrete_metric_agg_distinct_vw
dss_dq_platform_dev,metric_agg_stddev
dss_dq_platform_dev,data_measurement_rules_fact_view
dss_dq_platform_dev,dq_profiler_grouping_metric_agg
dss_dq_platform_dev,dq_object_dim
international_analytics,dim_disney_country_region_mapping_filters
international_analytics,counts_for_calculating_reach_shares_intl
international_analytics,filter_suggestions_program_title
international_analytics,business_churn_operational_metric_store
international_analytics,agg_loss_rate
international_analytics,audience_segment_and_rfe_aggregates_using_behavior_store
international_analytics,peps_title_language_engagement_pss
international_analytics,peps_content_language_availability_overview
subscriber_analytics,content_program_dim_vw
subscriber_analytics,content_program_launch_dim_vw
subscriber_analytics,timezone_dim
subscriber_analytics,country_region_dim_vw
subscriber_analytics,unified_ad_model_dim_vw
subscriber_analytics,unified_billing_platform_dim_vw
subscriber_analytics,unified_billing_platform_type_dim_vw
subscriber_analytics,unified_bundle_type_dim_vw
subscriber_analytics,unified_campaign_code_dim_vw
subscriber_analytics,unified_dss_promotion_campaign_dim_vw
subscriber_analytics,unified_entitled_services_state_dim_vw
subscriber_analytics,unified_model_dim_vw
subscriber_analytics,unified_model_product_dim_vw
subscriber_analytics,unified_paid_services_state_dim_vw
subscriber_analytics,unified_partnership_dim_vw
subscriber_analytics,unified_period_dim_vw
subscriber_analytics,unified_product_reporting_type_dim_vw
subscriber_analytics,unified_product_sku_dim_vw
subscriber_analytics,unified_sales_platform_dim_vw
subscriber_analytics,unified_services_state_dim_vw
subscriber_analytics,unified_subscriber_product_mapping
subscriber_analytics,unified_subscriber_product_tier_dim
subscriber_analytics,unified_subscriber_tv_state_dim_vw
subscriber_analytics,unified_subscription_partner_name_dim_vw
subscriber_analytics,unified_subscription_partner_type_dim_vw
subscriber_analytics,unified_subscription_plan_dim_vw
subscriber_analytics,unified_subscription_type_dim_vw
subscriber_analytics,unified_voucher_code_dim_vw
subscriber_analytics,service_ad_model_dim_vw
subscriber_analytics,service_billing_platform_dim_vw
subscriber_analytics,service_billing_platform_type_dim_vw
subscriber_analytics,service_model_product_dim_vw
subscriber_analytics,service_period_dim_vw
subscriber_analytics,service_plan_dim_vw
subscriber_analytics,service_pre_launch_cohort_dim
subscriber_analytics,service_product_reporting_type_dim_vw
subscriber_analytics,service_product_sku_dim_vw
subscriber_analytics,service_purchase_device_type_dim_vw
subscriber_analytics,service_subscriber_product_mapping
subscriber_analytics,service_subscriber_product_tier_dim
subscriber_analytics,service_subscription_partner_name_dim_vw
subscriber_analytics,service_subscription_partner_type_dim_vw
subscriber_analytics,service_voucher_code_dim_vw
subscriber_analytics,streaming_service_dim_vw
subscriber_analytics,subscription_product_mapping
subscriber_analytics,dim_subscription_subscriber_state_mapping
subscriber_analytics,offer_metadata_dim
subscriber_analytics,hulu_program_policy_dim
subscriber_analytics,unified_subscriber_metric_bi_agg_vw
subscriber_analytics,unified_subscriber_metric_store_compatibility_vw
subscriber_analytics,service_perspective_subscriber_metric_bi_agg_vw
subscriber_analytics,espn_service_subscriber_metric_bi_agg_vw
subscriber_analytics,disney_service_subscriber_metric_bi_agg_vw
subscriber_analytics,service_subscriber_metric_store_compatibility_vw
subscriber_analytics,forecast_metric_store_unified_cw
subscriber_analytics,unified_subscriber_plan_switch_fact
subscriber_analytics,service_subscriber_growth_movement_fact
subscriber_analytics,unified_subscriber_growth_movement_fact
subscriber_analytics,unified_subscriber_dim
subscriber_analytics,service_subscriber_dim
subscriber_analytics,hulu_finance_bundle_adjustments_agg
subscriber_analytics,hulu_finance_pca_agg_fact_vw
subscriber_analytics,hulu_finance_effective_switch_agg
subscriber_analytics,unified_subscriber_partner_cannibalization
subscriber_analytics,on_device_activation
subscriber_analytics,unified_forecast_metric_store_actualization
subscriber_analytics,commerce_plan_switch_eligibility_agg_vw
subscriber_analytics,espn_subscription_subscriber_walk
subscriber_analytics,unified_subscriber_paid_stop_fact_vw
subscriber_analytics,unified_subscriber_partner_cannibalization_estimates_agg
subscriber_analytics,unified_subscriber_partner_evaluation
subscriber_analytics,unified_subscriber_paid_subscriber_growth
subscriber_analytics,subscription_paid_on_activation
subscriber_analytics,max_migration_daily_reporting
subscriber_analytics,charter_daily_report
subscriber_analytics,unified_finance_partner_forecast_with_actuals_vw
subscriber_analytics,unified_subscriber_signup_fact
subscriber_analytics,espn_service_subscriber_signup_fact
subscriber_analytics,d2c_promo_subscriptions
subscriber_analytics,unified_subscriber_promo_ft_cohorts
subscriber_analytics,forecast_metric_store_unified_primary
subscriber_analytics,service_subscriber_renewal_dates
subscriber_analytics,unified_subscriber_d2c_plan_switch_initiated
subscriber_analytics,sublime_subscription_original_voucher_dim
subscriber_analytics,sublime_subscription_hist
subscriber_analytics,dim_subscriptions_v
subscriber_analytics,dim_all_subscriptions_curr_v
subscriber_analytics,dim_all_subscriptions_daily_v
subscriber_analytics,family_bundle_starts_fact
subscriber_analytics,unified_stacked_subscriptions
subscriber_analytics,service_stacked_subscriptions
subscriber_analytics,tmobile_redemption
subscriber_analytics,charter_activation
subscriber_analytics,fact_signup_first_watches
subscriber_analytics,fact_service_real_time_signups
subscriber_analytics,fact_disney_real_time_signups_v2
subscriber_analytics,dim_partnership_metadata_sku_and_voucher_v
subscriber_analytics,fact_service_subscriber_reserves
subscriber_analytics,fact_unified_subscriber_reserves
subscriber_analytics,family_subscribers
subscriber_analytics,fact_subscriber_sku_switch_monitoring_v
subscriber_analytics,fact_service_espn_bundle_reserve_adjustment
subscriber_analytics,hulu_service_subscriber_signup_fact
subscriber_analytics,hulu_service_subscriber_metric_bi_agg_vw
subscriber_analytics,dss_hulu_subscriber_location
subscriber_analytics,fact_service_subscriber_metric_store_backfill_v
subscriber_analytics,fact_unified_subscriber_metric_store_backfill_v
subscriber_analytics,espn_primary_subscription_pacing
subscriber_analytics,tmobile_cannibalization
subscriber_analytics,hulu_service_subscriber_plan_switch_fact
xchannel_dq_dev,dq_facts
xchannel_dq_dev,dq_facts_latest
xchannel_dq_dev,digital_gam_promo_exposure
xchannel_dq_dev,digital_dcm_campaign_programming
xchannel_dq_dev,linear_commercial
xchannel_dq_dev,linear_commercial_archive
xchannel_dq_dev,linear_campaign_programming_archive
xchannel_dq_dev,v_tivo_linear_promo_exposure_with_campaign_programming
xchannel_dq_dev,millenia3_aiplay_isci
xchannel_dq_dev,v_dq_facts_daily_vs_hist_missing_days
xchannel_dq_dev,query_history_estimated_cost
xchannel_dq_prod,dq_facts
xchannel_dq_prod,dq_facts_latest
xchannel_dq_prod,digital_gam_promo_exposure
xchannel_dq_prod,digital_dcm_campaign_programming
xchannel_dq_prod,linear_commercial
xchannel_dq_prod,linear_commercial_archive
xchannel_dq_prod,linear_campaign_programming_archive
xchannel_dq_prod,v_tivo_linear_promo_exposure_with_campaign_programming
xchannel_dq_prod,millenia3_aiplay_isci
xchannel_dq_prod,v_dq_facts_daily_vs_hist_missing_days
xchannel_dq_prod,query_history_estimated_cost
digital_engagement,dq_adobe_clickstream_daily_kpi_metrics
digital_engagement,dq_facts
digital_engagement,dq_lookup
digital_engagement,dq_facts_latest
digital_engagement,dq_facts_lookup
digital_engagement,adobe_dq_ui_vs_conf_vs_cons
digital_engagement,storage_cost
digital_engagement,top_query_cost
digital_engagement,user_query_cost
digital_engagement,storage_cost_viewership
digital_engagement,average_cost
dss_international_analytics,content_post_launch_season_movie_agg_vw
dss_international_analytics,content_post_launch_series_movie_agg_vw
dss_international_analytics,content_post_launch_program_agg_vw
dss_international_analytics,jdr_loss_rate_proxy_emea_wave_4
dss_international_analytics,travelability_avv
dss_international_analytics,travelability_country
quicksilver_vision,alarm
quicksilver_vision,autoscaling_event
quicksilver_vision,cloud_account
quicksilver_vision,efficiency_target_values
quicksilver_vision,event
quicksilver_vision,kpi
quicksilver_vision,kpi_type
quicksilver_vision,metric
quicksilver_vision,metric_source
quicksilver_vision,metric_type
quicksilver_vision,metric_value
quicksilver_vision,scalable_object
quicksilver_vision,scalable_object_policy
quicksilver_vision,step_scaling_policy
quicksilver_vision,target_tracking
quicksilver_vision,rpm_by_task
consumption_analytics_nonprod,content_metadata_season
consumption_analytics,table_partition_lookback_days_f
consumption_analytics,ca_lookback_aggregate_f
consumption_analytics,ca_lookback_aggregate_f_v2
consumption_analytics,table_partition_writers_f
consumption_analytics,consumption_lineage_agg_hist
consumption_analytics,daily_gold_30apr2023
consumption_analytics,consumption_analytics_daily_aggregate
consumption_analytics,sixty_day_gold
nucleus,cluster
nucleus,cluster_attribute
nucleus,cluster_pending_maintenance_action
nucleus,cluster_tag
nucleus,data_store
nucleus,data_store_attribute
nucleus,data_store_attribute_pivot
nucleus,data_store_attribute_pivot_instance_details
nucleus,data_store_pending_maintenance_action
nucleus,data_store_tag
nucleus,looker_data_store_timeseries_all
nucleus,looker_data_store_product_metadata
nucleus,looker_data_store_pivot
nucleus,looker_data_store_pivot_rds_monitoring
nucleus,looker_data_store_pivot_all
nucleus,data_store_attribute_pivot_extended_active
nucleus,data_store_attribute_timeseries_extended_active
nucleus,looker_data_store_pivot_elasticsearch
nucleus,looker_data_store_pivot_rds_cost
nucleus,efficiency_factory
nucleus,looker_data_store_pivot_elasticsearch_cost
nucleus,zz_data_store_attribute_pivot
dcyphr,cm_etech
dcyphr,metadata_cloud
dcyphr,cm_etech_metadata
dcyphr,cm_azure
dcyphr,cm_gcp
dcyphr,cm_all
dcyphr,cm_all_daily
dcyphr,cm_datadog
dcyphr,cm_newrelic
dcyphr,cm_akamai
dcyphr,cm_level3
dcyphr,cm_limelight
dcyphr,aws_s3_lens
dcyphr,aws_s3_lens_cost
dcyphr,aws_s3_lens_cost_gaps_filled
dcyphr,kpi_s3_storage_all
dcyphr,cost_monthly
dcyphr,ec2_cost_by_family
dcyphr,ec2_cost_by_family_v2
dcyphr,tagging_remediation
dcyphr,plug_accout
dcyphr,cm_all_mvp_pdt
dcyphr,cm_etech_pdt_refactored
dcyphr,cm_etech_pdt_consumer
dcyphr,cm_etech_pdt_consumer_sorted
dcyphr,cm_etech_pdt_content
dcyphr,cm_etech_pdt_infrastructure_modernization
dcyphr,storage_snapshot_by_us_region
dcyphr,pop_analysis_method2
dcyphr,cm_etech_metadata_extends
dcyphr,cm_aws_and_metadata_cloud
dcyphr,mpu_cost_by_account
dcyphr,cm_etech_pdt_eng_svcs
dcyphr,cm_etech_pdt_media_engineering
dcyphr,cm_etech_pdt_consumer_products_and_platforms
dcyphr,gp2_to_gp3
dcyphr,looker_dashboards
dcyphr,aop_23_forecast
dcyphr,cm_etech_pdt_jarvis_team
dcyphr,ec2_asg_cost
dcyphr,mom_analysis
dcyphr,fargate_cost_by_us
dcyphr,cm_all_mom_monthly
dcyphr,cm_aws_v2
dcyphr,cm_all_mom
dcyphr,datadog_and_newrelic
dcyphr,mc_aop_23_fcst
dcyphr,mc_aop_23_fcst_service
dcyphr,limelight_akamai_l3
dcyphr,cm_all_v2
dcyphr,aop_23_fcst_v2
dcyphr,aop_23_fcst_service_v2
dcyphr,cm_etech_pdt_consumer_products_and_platforms_v2
dcyphr,cm_etech_pdt_consumer_v2
dcyphr,cm_etech_pdt_content_v2
dcyphr,cm_etech_pdt_eng_svcs_v2
dcyphr,cm_etech_pdt_infrastructure_modernization_v2
dcyphr,cm_etech_pdt_jarvis_team_v2
dcyphr,cm_etech_pdt_media_engineering_v2
dcyphr,cm_etech_pdt_refactored_v2
dcyphr,cm_all_mom_v2
dcyphr,cm_all_mom_v2_monthly
dcyphr,kpi_s3_v2
dcyphr,cm_all_daily_v2
dcyphr,cm_all_mvp_pdt_v2
dcyphr,cm_etech_no_active_accounts
dcyphr,cm_etech_pdt_ad_platforms_v2
dcyphr,ec2_asg_cost_v2
dcyphr,fargate_cost_by_us_v2
dcyphr,gp2_to_gp3_v2
dcyphr,storage_snapshot_by_us_region_v2
dcyphr,s3_lens_savings
dcyphr,aws_s3_lens_cost_v2
dcyphr,cm_etech_no_active_accounts_v2
dcyphr,non_active_accounts_azure_gcp
dcyphr,disney_total_cost_components_v2
dcyphr,cm_aws_and_metadata_cloud_v2
dcyphr,pop_analysis_v2
dcyphr,aws_compute_optimizer_asg
dcyphr,aws_compute_optimizer_ebs
dcyphr,aws_compute_optimizer_ec2
dcyphr,aws_compute_optimizer_lambda
dcyphr,bridge_cur_and_aws_compute_optimizer_ec2
dcyphr,aop_23_fcst_v2_2
dcyphr,aop_23_fcst_service_v2_2
dcyphr,aop_24
dcyphr,aop_24_service
dcyphr,kpi_instance_all
dcyphr,aws_trusted_advisor
dcyphr,aws_accounts
dcyphr,yp_services
dcyphr,yp_teams
dcyphr,dmed_unified_cur_mt
dcyphr,cm_aws_savers_and_spenders
dcyphr,forecast_by_teams
dcyphr,aws_idle_resource_report
dcyphr,aws_daily_by_teams
dcyphr,mariner_service_owners
dcyphr,eks_split_cost
dcyphr,aws_idle_resource_ballast_report
dcyphr,cm_all_vendors
dcyphr,cm_akamai_v2
dcyphr,cm_datadog_v2
dcyphr,databricks_cost_utc
dcyphr,cad_team_level
dcyphr,cad_tapr_level
dcyphr,cad_combined
dcyphr,cad_spending_combined
dcyphr,pop_engineering_services_v2
dcyphr,datadog_historical_and_estimated_cost
dcyphr,cm_gcp_v3
content_analytics,content_post_launch_program_agg_vw
content_analytics,content_post_launch_season_movie_agg_vw
content_analytics,content_post_launch_series_movie_agg_vw
content_analytics,content_portfolio_engagement_disney
content_analytics,content_portfolio_engagement_hulu
content_analytics,content_first_watch_service_subscriber_fact_vw
content_analytics,content_launch_reach_by_taste_segment_disney
content_analytics,content_cross_viewership_disney
content_analytics,us_disney_upcoming_launches
content_analytics,dss_content_launch_title_region
content_analytics,hulu_content_launch_title_region
content_analytics,content_launch_reach_by_global_taste_segment_hulu
content_analytics,hulu_signups_next_streams
content_analytics,dss_signup_next_streams
content_analytics,content_season_suggestions
content_analytics,spotlight_geo_breakout
content_analytics,content_season_suggestions_spotlight
content_analytics,hulu_content_title_program_dropoff
legacy_hulu_content360,agg_vod_daily_post_launch_performance
legacy_hulu_content360,agg_content_daily_performance
legacy_hulu_content360,film_actives
legacy_hulu_content360,top_films_report
legacy_hulu_content360,top_film_hours
legacy_hulu_content360,film_hours_changed
legacy_hulu_content360,agg_content_weekly_performance
legacy_hulu_content360,agg_content_monthly_performance
legacy_hulu_content360,hulu_monthly_content_performance_with_hps
legacy_hulu_content360,vw_agg_season_series_weekly_reach
legacy_hulu_content360,monthly_title_count
legacy_hulu_content360,vw_agg_season_series_monthly_reach
legacy_hulu_content360,daily_film_actives
churn_analytics,business_churn_operational_metric_store
churn_analytics,hulu_business_churn_operational_metric_store
churn_analytics,agg_loss_rate
churn_analytics,agg_loss_rate_espn
churn_analytics,agg_loss_rate_espn_ppv
churn_analytics,agg_upcoming_renewal
churn_analytics,agg_upcoming_renewal_espn
churn_analytics,dss_survival_espn
churn_analytics,agg_loss_rate_hulu
churn_analytics,disney_subscriber_renewal_dates_latam
churn_analytics,agg_loss_rate_comp
churn_analytics,op_churn_comp
ballast_waf,waf_report_details
ballast_waf,waf_report_quickview
ballast_waf,raw_ingest_413862261297_matterhorn_waf_prod
ballast_waf,waf_rules
tech_databricks,date_d
tech_databricks,qos_app_launch_events
tech_databricks,espn_cdn_fastly
tech_databricks,image_delivery_cost
cost_data_mart_databricks,cdm_aws_conformed
droid_jira,bi_tickets
compute,views
compute,compute_attribute
compute,compute_tag
compute,compute_pivot
compute,compute_ecs_pivot
compute,compute_eks_pivot
cost_data_mart,snowflake_base_usage_fact
cost_data_mart,snowflake_compute_cost_fact
cost_data_mart,snowflake_cost_agg
cost_data_mart,snowflake_cw_object_fact
cost_data_mart,snowflake_direct_usage_fact
cost_data_mart,snowflake_mv_cluster_fact
cost_data_mart,snowflake_object_team_dim
cost_data_mart,snowflake_pi_column_candidates
cost_data_mart,snowflake_storage_cost_snap
cost_data_mart,dataplat_applied_tags
cost_data_mart,dataplat_sf_compute_spend_by_tags
cost_data_mart,dataplat_sf_dag_compute_spend
cost_data_mart,dataplat_sf_dag_compute_spend_by_tags
cost_data_mart,dataplat_warehouse_size
cost_data_mart,cdm_team_daily_fact_vw
cost_data_mart,cdm_cw_team_daily_fact_vw
cost_data_mart,cdm_squad_comparative_fact_vw
cost_data_mart,cdm_service_resource_lkp_vw
cost_data_mart,snowflake_cost_month_agg
cost_data_mart,snowflake_cost_week_agg
cost_data_mart,snowflake_query_tag_vw
cost_data_mart,cdm_squad_comparative_weekly_fact_vw
cost_data_mart,cdm_inventory_vw
cost_data_mart,cdm_snowflake_cost_data_vw
cost_data_mart,cdm_snowflake_org_leader_agg
cost_data_mart,cdm_snowflake_team_org_agg
cost_data_mart,cdm_snowflake_week_tot_agg
cost_data_mart,cdm_snowflake_cost_team_org_data_vw
cost_data_mart,cdm_snowflake_org_leader_agg_vw
cost_data_mart,cdm_snowflake_team_org_agg_vw
cost_data_mart,cdm_snowflake_week_tot_agg_vw
cost_data_mart,cdm_query_cost
cost_data_mart,cdm_snflk_exec_view
cost_data_mart,cdm_snowflake_exec_vw
cost_data_mart,snowflake_tables_by_dag
cost_data_mart,snowflake_compute_cost_analysis
cost_data_mart,cdm_snowflake_compute_cost_analysis_compare_vw
cost_data_mart,cdm_snowflake_compute_cost_analysis_teams_compare
cost_data_mart,cdm_snowflake_compute_cost_analysis_org_compare
cost_data_mart,cdm_snowflake_compute_cost_analysis_wh_compare
cost_data_mart,cdm_snowflake_compute_cost_analysis_role_compare
cost_data_mart,cdm_snowflake_compute_cost_analysis_total_wkcompare
cost_data_mart,cdm_snowflake_compute_cost_analysis_total_mthcompare
cost_data_mart,cdm_snowflake_compute_cost_analysis_total_mthcompare_new
cost_data_mart,cdm_snowflake_compute_cost_analysis_wtd_cost
cost_data_mart,cdm_snowflake_compute_cost_analysis_total_change
cost_data_mart,cdm_snowflake_compute_cost_analysis_wh
cost_data_mart,cdm_snowflake_cost_analysis_vw
cost_data_mart,cdm_snowflake_compute_cost_analysis_whtop100
cost_data_mart,cdm_snowflake_compute_cost_analysis_roletop100
cost_data_mart,cdm_snowflake_compute_cost_analysis_usertop100
cost_data_mart,cdm_snowflake_compute_cost_analysis_wktowk_vw
cost_data_mart,cdm_snowflake_compute_cost_analysis_ldrdb
cost_data_mart,cdm_snowflake_compute_cost_analysis_ldrdb_teamcompare
cost_data_mart,cdm_snowflake_compute_cost_analysis_ldrdb_orgcompare
cost_data_mart,cdm_snowflake_compute_cost_analysis_ldrdb_usertop20
cost_data_mart,cdm_snowflake_compute_cost_analysis_ldrdb_roletop20
cost_data_mart,cdm_snowflake_compute_cost_analysis_ldrdb_whtop20
cost_data_mart,cdm_snowflake_compute_cost_analysis_ldrdb_teamtop20
cost_data_mart,cdm_snowflake_compute_cost_analysis_ldrdb_cwnametop20
cost_data_mart,snowflake_usage_in_currency_daily
cost_data_mart,Snowflake_CW_Leadership_Teams_Data
cost_data_mart,Snowflake_Compute_Cost_Analysis_by_DAG
product_tech,dim_disney_country_region_mapping_filters
product_tech,content_post_launch_program_agg_vw
product_tech,content_post_launch_season_movie_agg_vw
product_tech,content_post_launch_series_movie_agg_vw
product_tech,gapps_engagement_agg
product_tech,glimpsev2_encoded_metadata
product_tech,peps_collection_tile_performance_hourly
product_tech,peps_set_collection_performance_hourly
product_tech,peps_post_play_overall_metrics
product_tech,gapps_disney_campaign_metadata
product_tech,gapps_element_performance_agg
product_tech,gapps_container_performance_agg
product_tech,gapps_page_performance_agg
product_tech,peps_content_language_availability_overview
product_tech,peps_title_language_engagement_pss
product_tech,peps_duplication_agg_titles
product_tech,peps_duplication_agg_containers
product_tech,peps_duplication_agg_sessions
product_tech,peps_set_distribution
product_tech,peps_set_differentiation
product_tech,peps_container_impressions
product_tech,peps_title_position_impressions
product_tech,peps_title_heatmap
product_tech,peps_title_exposure_metrics
product_tech,gapps_priority_merch
product_tech,glimpsev2_search_session_agg
product_tech,glimpsev2_search_terms_agg
product_tech,glimpsev2_search_visit_rate
product_tech,glimpsev2_search_title_to_term
product_tech,glimpsev2_search_hours_agg
product_tech,peps_iscp_metrics
product_tech,gapps_homepage_set_metrics
product_tech,gapps_homepage_set_brand_impressions
product_tech,gapps_byw_metrics
product_tech,sessions_location_resolved_summary
product_tech,rapid_cross_border_stream_daily
product_tech,vod_piracy_engagement_impact
product_tech,sharer_scoring_model
product_tech,mdrm_refined_license_events
product_tech,fact_playback_session_summary_v
product_tech,conviva
product_tech,conviva_10_sample
product_tech,qos_alerts
product_tech,playback_activity
product_tech,kss_conviva_spi
product_tech,player_framework_qos
product_tech,acct_shr_funnel
product_tech,acct_shr_funnel_cumm
product_tech,thomas_mobile_app_preloads
product_tech,thomas_mobile_app_preloads_engagement
product_tech,thomas_mobile_app_preloads_engagement2
product_tech,thomas_android_stb_engagement
product_tech,thomas_health_status_dashboard
product_tech,cross_border_stream
product_tech,rapid_cross_border_stream
product_tech,live_piracy_detection
product_tech,fact_disney_behavior_store_profiles
product_tech,fact_disney_ratings_country_mapping
product_tech,fact_disney_profile_metric_store
product_tech,profile_explore
product_tech,ux_hulk_upsell_entrypoints
product_tech,ux_hulk_upsell_accts
product_tech,ux_hulk_upsell_path
product_tech,ux_hulk_upsell_path_accounts
product_tech,ux_hulk_upsell_title_accounts
product_tech,ux_content_engagement
product_tech,cl_collections_tiles
product_tech,cl_collections_set
product_tech,cl_collections_content
product_tech,ux_major_navigation
product_tech,ux_major_navigation_content
product_tech,ux_shop_disney_interactions
product_tech,ux_shop_disney_profiles
product_tech,ux_onetrust_cmp_agg
product_tech,ux_user_nav_paths
product_tech,ux_user_nav_paths_agg
product_tech,watchlist_engagement
product_tech,watchlist_daily_engagement
product_tech,counts_for_calculating_reach_shares
product_tech,dim_disney_avatar_profiles
product_tech,dim_disney_avatar_accounts
product_tech,ux_watch_id_qa
product_tech,glimpsev2_conversion_funnel_lp_cd
product_tech,glimpsev2_conversion_funnel_lp_web_prod
product_tech,glimpsev2_conversion_funnel_prod
product_tech,dim_disney_content_metadata_sf
legacy_hulu_subs360,subscription_executive_dashboard_marketing_campaigns
legacy_hulu_subs360,agg_subscriber_360
latam_research,rating_month_current
latam_research,rating_fiscal_year
latam_research,ec_2connections_test_tv_rtg
latam_research,rating_content_current_espn
latam_research,marketing_streaming_database
latam_research,consumer_insights_awareness_intent_latam
engagement_analytics,engagement_device_agg
engagement_analytics,dase_daily
engagement_analytics,dase_weekly
engagement_analytics,dase_monthly
engagement_analytics,product_type_ad_model_engagement_view
engagement_analytics,hulk_engagement_overview
engagement_analytics,audience_segmentation_engagement
engagement_analytics,ads_engagement
engagement_analytics,international_engagement_overview
engagement_analytics,charter_monthly_engagement
subscriber_data_solutions,subscription_hist_difference_by_column_tmp
subscriber_data_solutions,dim_subscriptions_pct_diff
commerce_analytics,dim_disney_country_region_mapping
commerce_analytics,purchase_streaming_country_mismatch_first8_d
commerce_analytics,flexible_routing_impact
commerce_analytics,payment_switches
commerce_analytics,subscription_recovery
commerce_analytics,transaction_datos_events
commerce_analytics,rep_disney_enter_risk_rate
commerce_analytics,ineligible_subscription_tracking
commerce_analytics,double_billed_invoices
commerce_analytics,pricing_arbitrage_commerce
commerce_analytics,purchase_streaming_country_mismatch
commerce_analytics,purchase_streaming_country_mismatch_v2
commerce_analytics,sub_state_movements
commerce_analytics,disney_risk_recovery_pop
commerce_analytics,disney_enter_risk_rate_pop
commerce_analytics,dim_disney_country_region_mapping_filter
dss_international_analytics_view,content_post_launch_season_movie_agg_vw
dss_international_analytics_view,unified_subscriber_metric_bi_agg_vw
tech_databricks_unity,country_region_dim_vw
tech_databricks_unity,qos_app_launch_sessions
tech_databricks_unity,dplus_app_release_agg_roku
tech_databricks_unity,qos_app_launch_events
tech_databricks_unity,thomas_deeplinks_dashboard
tech_databricks_unity,offline_downloads
tech_databricks_unity,concurrent_streams_historical
tech_databricks_unity,concurrent_streams_title
tech_databricks_unity,perc_accounts_by_num_of_concurrency
tech_databricks_unity,concurrent_streams_predictions
tech_databricks_unity,concurrent_streams_prediction_errors
tech_databricks_unity,concurrent_streams_events
tech_databricks_unity,encoding_stack_distribution
tech_databricks_unity,dplus_app_adoption
tech_databricks_unity,dss_event_see_casita_householdscore
tech_databricks_unity,cdn_image_logs_summary_agg
tech_databricks_unity,meta_artwork
tech_databricks_unity,cdn_image_logs_variants
bda,fact_quality_check
bda,puf_latency
experimentation,test_assignments_view
experimentation,daily_assignment_counts
experimentation,familiarity_mvp_dev
experimentation,experiment_results_test
experimentation,summary_stats_test
experimentation,bda_playback
experimentation,familiarity_result_test
acquisition,Media360
acquisition,elap_disney
acquisition,elap_espn
subscriber_core_data_science_dev,monthly_forecast_reference_v
subscriber_core_data_science_dev,processor_transaction
subscriber_core_data_science_dev,processor_model_performance
subscriber_core_data_science_dev,historical_survival_metrics_v
bundle_analytics,subscriber_overlap_ccv2
acquisition_hulu,oo_hulu
lifecycle_decision_science,disney_bundle_email_click_to_convert_agg_vw
lifecycle_decision_science,disney_bundle_inapp_click_to_convert_agg_vw
lifecycle_decision_science,espnplus_email_campaigns_winback_agg
lifecycle_decision_science,espnplus_unified_email_account_agg
lifecycle_decision_science,espnplus_longitudinal_holdout_results
ad_platforms,agg_up_delivery_context
cost_data_mart_databricks_unity,databricks_cost_utc
cost_data_mart_databricks_unity,databricks_cost_utc_s3
cost_data_mart_databricks_unity,databricks_cost_utc_unity
datasci_content,date_dim_vw
datasci_content,dplus_content_forecast
datasci_content,dbt_content_forecast
data_qe,acquisition_qa_meta_ad_level_platform_vs_sf_metrics_diff_view
data_qe,acquisition_qa_meta_ad_level_platform_vs_sf_conversions_diff_view
data_qe,acquisition_qa_disney_meta_platform_vs_sf_conversions_diff_view
data_qe,acquisition_qa_disney_meta_platform_vs_sf_metrics_diff_view
data_qe,acquisition_qa_dv360_platform_metrics_view
data_qe,acquisition_qa_dv360_sf_metrics_view
data_qe,acquisition_qa_dv360_platform_vs_sf_metrics_diff_view
data_qe,acquisition_qa_sa360_platform_vs_sf_metrics_advertiser_diff_view
data_qe,acquisition_qa_sa360_platform_vs_sf_metrics_campaign_diff_view
data_qe,acquisition_qa_oath_platform_vs_sf_metrics_diff_view
partner_portal,tickets
partner_portal,ticket_assignment_changes
partner_portal,ticket_comments
partner_portal,ticket_links
partner_portal,ticket_severity_changes
partner_portal,ticket_status_changes
partner_portal,partners
partner_portal,user_profiles
partner_portal,adk_projects
partner_portal,adk_devices
partner_portal,adk_test_executions
partner_portal_dev,tickets
partner_portal_dev,ticket_assignment_changes
partner_portal_dev,ticket_comments
partner_portal_dev,ticket_links
partner_portal_dev,ticket_severity_changes
partner_portal_dev,ticket_status_changes
partner_portal_dev,partners
partner_portal_dev,user_profiles
partner_portal_dev,adk_projects
partner_portal_dev,adk_devices
partner_portal_dev,adk_test_executions
ballast_waf_dev,waf_report_details_dev
ballast_waf_dev,waf_report_quickview_dev
ballast_waf_dev,waf_rules_dev
supply_chain_visibility,supplier_identification
supply_chain_visibility,looker_tr_noncompliant_tiers
dre,test_datahub_lineage_target_vw
dre,test_datahub_lineage_source_vw
cdp,audience_tables_metadata
cdp,snowflake_cost_daily_agg
cdp,audience_ccpa_gdpr_requests_mvw
cdp,audience_service_subscriber_dim_vw
cdp,audience_braze_users_update_disney_delete_store
cdp,audience_braze_users_update_star_delete_store
cdp,audience_braze_users_update_disney_snapshot
cdp,audience_braze_users_update_star_vw
cdp,audience_dnsmi_requests_mvw
cdp,audience_subscriber_dim_vw
cdp,audience_subscriber_dim
cdp,audience_braze_users_update_star_snapshot
cdp,audience_profile_dim_vw
bitools_360,fact_bi_tools_activity
bitools_360,dp_view_metrics_prod
personalization,collection_title_count
dss_accounting,payment_charge_to_billing
dss_accounting,billing_invoices_no_payment
dss_accounting,payment_charge_no_invoice
dss_accounting,payment_refund
rp2_poc,agg_playback_revenue_clicks_viewthru_day_est
rp2_poc,playback_revenue_clicks_viewthru_day_est
rp2_poc,video
rp2_poc,playback_day_est
rp2_poc,playback_viewthru_day_est
adobe_clickstream,user_session
datasci_d2c_propensity,production_cws_bundle_upgrade_propensity_operational
datasci_d2c_propensity,production_cws_bundle_upgrade_propensity_metrics
datasci_d2c_propensity,production_cws_reconnect_propensity_operational
core_experimentation,session_service_values
core_experimentation,session_service_values_anonymous
consumer_insights,qualtrics_ingest_parsed
consumer_insights,daily_account_subscription_engagement_agg_vw
consumer_insights,account_subscriber_sk_id_dim_vw
consumer_insights,audience_service_subscriber_dim_vw
experiment_insights,ooh_session_tracking
marsci_acquisition,mmm_simulation_output
